{"detections": [{"range": 34.7109489440918, "azimuth": 0.7522903084754944, "elevation": -0.39040300250053406, "velocity": -15.666314125061035}, {"range": 31.549312591552734, "azimuth": 0.4493319094181061, "elevation": 0.2768450677394867, "velocity": 7.614099025726318}, {"range": 59.377830505371094, "azimuth": -0.5573636889457703, "elevation": 0.09977249801158905, "velocity": 17.624631881713867}, {"range": 85.10364532470703, "azimuth": -0.5895147323608398, "elevation": -0.4958769381046295, "velocity": 18.31926155090332}]}