{"detections": [{"range": 53.19206237792969, "azimuth": -0.18065451085567474, "elevation": 0.5162467956542969, "velocity": -3.2847139835357666}, {"range": 82.63540649414062, "azimuth": 0.0017583867302164435, "elevation": -0.45232653617858887, "velocity": 12.094358444213867}, {"range": 86.0994644165039, "azimuth": 0.3319154679775238, "elevation": 0.4305574893951416, "velocity": -14.72789192199707}]}