{"steering": 0.40817782282829285, "throttle": 0.29191067814826965, "brake": 0.045903511345386505}