{"steering": 0.22908422350883484, "throttle": 0.40722912549972534, "brake": 0.0}