{"detections": [{"range": 71.7702865600586, "azimuth": -0.6225253939628601, "elevation": 0.3255457580089569, "velocity": -16.315725326538086}, {"range": 35.5997314453125, "azimuth": 0.2899634540081024, "elevation": 0.08680643886327744, "velocity": 18.630168914794922}, {"range": 19.407014846801758, "azimuth": -0.10655269771814346, "elevation": -0.4908600449562073, "velocity": 0.8875783681869507}]}