{"steering": 0.09857960790395737, "throttle": 0.0035652397200465202, "brake": 0.07131586968898773}