{"steering": -0.37958064675331116, "throttle": 0.2245112508535385, "brake": 0.016829337924718857}