{"steering": 0.2732340395450592, "throttle": 0.06446892768144608, "brake": 0.07363930344581604}