{"steering": -0.10849425941705704, "throttle": 0.588722825050354, "brake": 0.0}