{"steering": 0.2372637391090393, "throttle": 0.4347202479839325, "brake": 0.0}