{"steering": 0.11881828308105469, "throttle": 0.7277079820632935, "brake": 0.0}