{"steering": 0.38347291946411133, "throttle": 0.7342686057090759, "brake": 0.0}