{"steering": -0.017240600660443306, "throttle": 0.2493530660867691, "brake": 0.19565501809120178}