{"steering": 0.09933492541313171, "throttle": 0.4172021150588989, "brake": 0.0}