{"steering": -0.2428893744945526, "throttle": 0.376145601272583, "brake": 0.0}