{"steering": 0.056202538311481476, "throttle": 0.0671776607632637, "brake": 0.03857547789812088}