{"steering": -0.1429629921913147, "throttle": 0.20959769189357758, "brake": 0.11005733907222748}