{"steering": 0.12778827548027039, "throttle": 0.13406093418598175, "brake": 0.11564400792121887}