{"steering": -0.08010363578796387, "throttle": 0.3126765191555023, "brake": 0.0}