{"steering": -0.30495485663414, "throttle": 0.35214412212371826, "brake": 0.0}