{"steering": -0.03757160156965256, "throttle": 0.4572964906692505, "brake": 0.0}