{"steering": 0.07221011072397232, "throttle": 0.6033039689064026, "brake": 0.0}