{"steering": 0.19428183138370514, "throttle": 0.30080509185791016, "brake": 0.0}