{"steering": -0.10039745271205902, "throttle": 0.7372399568557739, "brake": 0.0}