{"steering": -0.03597189486026764, "throttle": 0.5899865627288818, "brake": 0.0}