{"steering": -0.08356529474258423, "throttle": 0.41470110416412354, "brake": 0.0}