{"steering": 0.0011555422097444534, "throttle": 0.6473585367202759, "brake": 0.0}