{"steering": -0.31117182970046997, "throttle": 0.2741972804069519, "brake": 0.16724658012390137}