{"steering": 0.3210802376270294, "throttle": 0.6507649421691895, "brake": 0.0}