{"steering": -0.1589985191822052, "throttle": 0.07500829547643661, "brake": 0.1805330216884613}