{"steering": 0.035624027252197266, "throttle": 0.47893163561820984, "brake": 0.0}