{"steering": -0.18206427991390228, "throttle": 0.5928569436073303, "brake": 0.0}