{"steering": 0.23711897432804108, "throttle": 0.6038963198661804, "brake": 0.0}