{"steering": 0.19205348193645477, "throttle": 0.6324468851089478, "brake": 0.0}