{"steering": 0.456990510225296, "throttle": 0.305789589881897, "brake": 0.0}