{"steering": 0.1498466432094574, "throttle": 0.7739315032958984, "brake": 0.0}