{"detections": [{"range": 40.08223342895508, "azimuth": 0.608391284942627, "elevation": -0.051363978534936905, "velocity": -17.754819869995117}]}