{"detections": [{"range": 32.5011100769043, "azimuth": -0.4490649402141571, "elevation": -0.0014023311669006944, "velocity": -14.348684310913086}, {"range": 37.53969955444336, "azimuth": -0.4350009858608246, "elevation": -0.22412361204624176, "velocity": -19.02627944946289}, {"range": 32.15080642700195, "azimuth": -0.3669795095920563, "elevation": 0.4463295340538025, "velocity": 9.768314361572266}]}