{"steering": 0.18809671700000763, "throttle": 0.7688911557197571, "brake": 0.0}