{"steering": -0.10450376570224762, "throttle": 0.47736817598342896, "brake": 0.0}