{"steering": 0.006202816963195801, "throttle": 0.7949851155281067, "brake": 0.0}