{"steering": -0.07174742221832275, "throttle": 0.2902930676937103, "brake": 0.0027587469667196274}