{"steering": 0.3619386851787567, "throttle": 0.2614912688732147, "brake": 0.021306674927473068}