{"steering": 0.30056512355804443, "throttle": 0.3414185345172882, "brake": 0.0}