{"detections": [{"range": 54.24209976196289, "azimuth": 0.18886414170265198, "elevation": -0.4889335334300995, "velocity": 13.835428237915039}, {"range": 33.280826568603516, "azimuth": -0.11133605241775513, "elevation": -0.4667283296585083, "velocity": -18.59274673461914}, {"range": 97.37031555175781, "azimuth": -0.4633474051952362, "elevation": -0.4629577100276947, "velocity": 2.2198026180267334}]}