{"steering": 0.17244209349155426, "throttle": 0.5868216753005981, "brake": 0.0}