{"steering": 0.11323736608028412, "throttle": 0.3985622525215149, "brake": 0.0}