{"steering": -0.1707434505224228, "throttle": 0.5309373736381531, "brake": 0.0}