{"steering": 0.11518053710460663, "throttle": 0.31022387742996216, "brake": 0.0}