{"steering": 0.26460328698158264, "throttle": 0.39917004108428955, "brake": 0.0}