{"steering": -0.24404214322566986, "throttle": 0.35226643085479736, "brake": 0.0}