{"steering": 0.02314862422645092, "throttle": 0.24895396828651428, "brake": 0.14291946589946747}