{"steering": -0.37588217854499817, "throttle": 0.1668207347393036, "brake": 0.027658363804221153}