{"steering": -0.1357387900352478, "throttle": 0.3854178190231323, "brake": 0.0}