{"steering": -0.08844787627458572, "throttle": 0.7305814027786255, "brake": 0.0}