{"steering": 0.09247128665447235, "throttle": 0.6894692778587341, "brake": 0.0}