{"steering": -0.41481924057006836, "throttle": 0.3363921046257019, "brake": 0.0}