{"steering": 0.3604263663291931, "throttle": 0.043832480907440186, "brake": 0.031158698722720146}