{"steering": 0.19092567265033722, "throttle": 0.7229407429695129, "brake": 0.0}