{"steering": -0.050817444920539856, "throttle": 0.5258361101150513, "brake": 0.0}