{"steering": 0.2732413411140442, "throttle": 0.41140493750572205, "brake": 0.0}