{"steering": 0.40622588992118835, "throttle": 0.35482650995254517, "brake": 0.0}