{"steering": 0.3253960907459259, "throttle": 0.5850806832313538, "brake": 0.0}