{"steering": 0.151369109749794, "throttle": 0.23627783358097076, "brake": 0.08174247294664383}