{"steering": 0.12059582024812698, "throttle": 0.33046862483024597, "brake": 0.0}