{"steering": 0.1804211139678955, "throttle": 0.28896233439445496, "brake": 0.08344760537147522}