{"steering": -0.08910573273897171, "throttle": 0.6501725316047668, "brake": 0.0}