{"steering": 0.2005900740623474, "throttle": 0.0616273358464241, "brake": 0.1542460024356842}