{"steering": -0.2385888695716858, "throttle": 0.3758840560913086, "brake": 0.0}