{"steering": 0.19111117720603943, "throttle": 0.7703638672828674, "brake": 0.0}