{"steering": -0.20435205101966858, "throttle": 0.7346713542938232, "brake": 0.0}