{"detections": [{"range": 20.729061126708984, "azimuth": 0.156345933675766, "elevation": -0.2978968024253845, "velocity": -5.181098461151123}, {"range": 98.75068664550781, "azimuth": -0.04471828043460846, "elevation": 0.26479437947273254, "velocity": 6.623783588409424}, {"range": 72.14432525634766, "azimuth": 0.02870595082640648, "elevation": -0.24486839771270752, "velocity": -4.915925025939941}, {"range": 19.001155853271484, "azimuth": 0.46391522884368896, "elevation": -0.05812855809926987, "velocity": 17.18462371826172}]}