{"detections": [{"range": 54.915523529052734, "azimuth": -0.6466754674911499, "elevation": -0.32278287410736084, "velocity": -2.9965450763702393}, {"range": 71.78746795654297, "azimuth": 0.7774267196655273, "elevation": 0.1188240498304367, "velocity": 15.256325721740723}, {"range": 51.93218994140625, "azimuth": -0.5185651779174805, "elevation": -0.1890960931777954, "velocity": -18.25363540649414}]}