{"steering": -0.15896697342395782, "throttle": 0.6912765502929688, "brake": 0.0}