{"steering": -0.08568667620420456, "throttle": 0.6825321316719055, "brake": 0.0}