{"steering": -0.18856044113636017, "throttle": 0.3707214295864105, "brake": 0.0}