{"steering": -0.029604781419038773, "throttle": 0.21281962096691132, "brake": 0.09591145813465118}