{"detections": [{"range": 67.97699737548828, "azimuth": -0.015695827081799507, "elevation": -0.06763137876987457, "velocity": -11.272712707519531}, {"range": 85.58026885986328, "azimuth": -0.028960375115275383, "elevation": -0.24914386868476868, "velocity": -8.612614631652832}, {"range": 26.23581314086914, "azimuth": 0.08231659233570099, "elevation": -0.2960070073604584, "velocity": 18.82674789428711}, {"range": 97.5413589477539, "azimuth": -0.2866204082965851, "elevation": -0.2048235684633255, "velocity": -18.983386993408203}]}