{"steering": 0.009005623869597912, "throttle": 0.6235759854316711, "brake": 0.0}