{"steering": -0.23045587539672852, "throttle": 0.29377812147140503, "brake": 0.1398559808731079}