{"steering": -0.005180584732443094, "throttle": 0.5232621431350708, "brake": 0.0}