{"steering": 0.035951659083366394, "throttle": 0.54310542345047, "brake": 0.0}