{"steering": -0.0615721195936203, "throttle": 0.22334793210029602, "brake": 0.17977645993232727}