{"steering": 0.11056026816368103, "throttle": 0.35104769468307495, "brake": 0.0}