{"steering": -0.08125513046979904, "throttle": 0.557151198387146, "brake": 0.0}