{"steering": 0.0448915921151638, "throttle": 0.6227513551712036, "brake": 0.0}