{"steering": -0.037523265928030014, "throttle": 0.2680012583732605, "brake": 0.10322525352239609}