{"steering": 0.3050529956817627, "throttle": 0.2584730386734009, "brake": 0.02623363956809044}