{"steering": 0.2717517912387848, "throttle": 0.3139270544052124, "brake": 0.0}