{"steering": -0.1696121245622635, "throttle": 0.4888822138309479, "brake": 0.0}