{"steering": 0.14219196140766144, "throttle": 0.5439211130142212, "brake": 0.0}