{"steering": -0.09400171786546707, "throttle": 0.08753882348537445, "brake": 0.10499733686447144}