{"steering": -0.097481869161129, "throttle": 0.20241476595401764, "brake": 0.09170349687337875}