{"steering": 0.16523237526416779, "throttle": 0.6163077354431152, "brake": 0.0}