{"steering": 0.2414545863866806, "throttle": 0.0672646164894104, "brake": 0.025674456730484962}