{"steering": -0.06175891309976578, "throttle": 0.09010576456785202, "brake": 0.00540773943066597}