{"steering": -0.1737329363822937, "throttle": 0.3277673125267029, "brake": 0.0}