{"steering": -0.06475332379341125, "throttle": 0.7353822588920593, "brake": 0.0}