{"detections": [{"range": 50.02070236206055, "azimuth": -0.7081470489501953, "elevation": -0.3712303936481476, "velocity": 13.499242782592773}, {"range": 53.58072280883789, "azimuth": 0.22149376571178436, "elevation": 0.2991991937160492, "velocity": 19.223037719726562}]}