{"detections": [{"range": 70.56285858154297, "azimuth": 0.2877342998981476, "elevation": 0.4871434271335602, "velocity": -3.0828890800476074}, {"range": 26.184221267700195, "azimuth": 0.5542694926261902, "elevation": -0.31467366218566895, "velocity": -13.438444137573242}]}