{"steering": -0.31471750140190125, "throttle": 0.43575096130371094, "brake": 0.0}