{"steering": -0.049753379076719284, "throttle": 0.37529250979423523, "brake": 0.0}