{"steering": -0.028706001117825508, "throttle": 0.5681707262992859, "brake": 0.0}